True,apply_link,company,date_added,id,location,title,yoe,link
0,https://jobs.spectrum.com/job/greenwood-village/2024-summer-intern-data-developer/4673/54742370256,Spectrum,2023-10-06T12:00:00.000Z,y5beacr8FIgDtjq1VIXX,United States,Data Developer ,intern,
1,,Visa,2023-10-04T08:17:26.000Z,7JZUgGbBWQtdDn9aCAuK,United States,"Data Engineer, Intern",intern,https://www.linkedin.com/jobs/view/3732374973
2,https://jobs.smartrecruiters.com/Visa/743999935079378,Visa,2023-10-11T12:00:00.000Z,Q9FZzISj9x3VIJhrM5tD,United States,Data Engineer – Intern,intern,
3,https://jobs.careers.microsoft.com/us/en/job/1602324/Data-Scientist:-Internship-Opportunities,Microsoft,2023-09-07T08:41:44.000Z,1fyre0CHx8Lt2IvlalvD,United States,Data Scientist: Internship Opportunities,intern,https://www.linkedin.com/jobs/view/3689294629
4,https://careers.ibm.com/job/18930693/data-scientist-intern-2024-remote/,IBM,2023-09-08T17:26:53.000Z,5jOb9WVaIDusz1s3RzW7,United States,Data Scientist Intern 2024,intern,https://www.linkedin.com/jobs/view/3690100008
5,https://boards.greenhouse.io/epicgames/jobs/4957105004,Epic Games,2023-09-06T12:00:00.000Z,KX3jPLI9gKNQF4iusZLW,United States,Data Software Engineer Intern,intern,
6,https://boards.greenhouse.io/figma/jobs/4956894004,Figma,2023-08-21T12:00:00.000Z,qQsr5dvEt67a4v9K2u85,United States,Data Scientist Intern - 2024,intern,
7,https://careers.bcg.com/job/10020535/Data-Scientist-Internship-BCG-X,BCG,2023-09-19T23:43:00.000Z,edvGsWGtElD7H4vDNXQV,United States,Data Scientist Internship – BCG X,intern,
8,https://jobs.boeing.com/job/everett/boeing-summer-2024-internship-program-paid-information-technology-it-and-data-analytics-da-and-digi/185/53049783376,Dell,2023-08-24T12:00:00.000Z,FgvFhXJM1HE3JESyVnyZ,United States,Information Technology And Data Analytics Intern ,intern,
9,https://www.tesla.com/careers/search/job/internship-energy-data-engineer-spring-2024-209341,Tesla,2023-09-12T08:00:55.000Z,z2dSrdCQ11ZnQ1pans5L,United States,"Internship, Energy Data Engineer (Spring 2024)",intern,https://www.linkedin.com/jobs/view/3714432838
10,https://jobs.sap.com/job/Newport-Beach-SAP-iXp-Intern-ICX-Data-Engineering-CA-92660/979087301/,SAP,2023-09-07T08:43:03.000Z,Lak51Qo48pwgZOiHgNye,United States,SAP iXp Intern - ICX Data Engineering,intern,https://www.linkedin.com/jobs/view/3711775218
11,,NVIDIA,2023-09-26T08:00:27.000Z,quXEB8FKLr1VBrNGo0pY,United States,RAPIDS Data Science Engineer Intern - Summer 2024,intern,https://www.linkedin.com/jobs/view/3728129363
12,,Tesla,2023-06-09T00:00:00.000Z,iOVK6KXr0WOBddeqwo12,United States,"Data Engineering Internship, Applications Engineering (Fall 2023)",intern,https://www.linkedin.com/jobs/view/3518600937
13,https://www.tesla.com/careers/search/job/data-engineering-internship-applications-engineering-fall-2023-178996,Tesla,2023-07-11T17:00:50.000Z,k8C0dzILcdIbVC97dH6t,United States,"Data Engineering Internship, Applications Engineering (Fall 2023)",intern,https://www.linkedin.com/jobs/view/3638457084
14,,Tesla,2023-06-09T00:00:00.000Z,58hTxk14wIm0HT8Bjk0r,United States,Software Data Platforms Engineering Internship (Fall 2023),intern,https://www.linkedin.com/jobs/view/3574585867
15,,Tesla,2023-06-19T00:00:00.000Z,uMfuEQX13VBnYcsdxqZC,United States,Software Data Platforms Engineering Internship (Fall 2023),intern,https://www.linkedin.com/jobs/view/3638044690
16,https://app.ripplematch.com/v2/public/job/041fe806/details,Notion,2023-10-06T12:00:00.000Z,W0D3UHNQuqSfG2iVfef0,United States,"Data Scientist Intern, Sales and Success (Summer 2024)",intern,
17,https://www.tesla.com/careers/search/job/data-engineering-internship-applications-engineering-winter-spring-2024-204268,Tesla,2023-07-11T08:01:04.000Z,Ect9tHfPdflQGn1JplMs,United States,"Data Engineering Internship, Applications Engineering (Winter/Spring 2024)",intern,https://www.linkedin.com/jobs/view/3659223753
18,https://www.tesla.com/careers/search/job/software-data-platforms-engineering-internship-winter-spring-2024-203929,Tesla,2023-07-07T08:00:18.000Z,9EbnBz695JgowCjKgA7b,United States,Software Data Platforms Engineering Internship (Winter/Spring 2024),intern,https://www.linkedin.com/jobs/view/3656296142
19,https://www.tesla.com/careers/search/job/internship-data-engineer-vehicle-software-applications-engineering-summer-2024-208569,Tesla,2023-09-06T17:01:14.000Z,AFdmXPbLC7JybNx2M0N8,United States,"Internship, Data Engineer, Vehicle Software & Applications Engineering (Summer 2024)",intern,https://www.linkedin.com/jobs/view/3711183674
20,https://careers.snowflake.com/us/en/job/SNCOUS5767922002EXTERNALENUS/Principal-Engineer-Database-Internals,Snowflake,2023-07-10T08:01:25.000Z,vsVQdjmMIiRsI3EVcWxe,United States,Principal Engineer - Database Internals,intern,https://www.linkedin.com/jobs/view/3049725571
21,https://salesforce.wd12.myworkdayjobs.com/External_Career_Site/job/California---San-Francisco/Summer-2024-Intern---Database-Engineer--GovCloud-_JR221545-1,Salesforce,2023-10-12T08:03:38.000Z,cPZqeK9DcTcM3K9KWbEE,United States,Summer 2024 Intern - Database Engineer (GovCloud),intern,https://www.linkedin.com/jobs/view/3737592567
22,https://careers.snowflake.com/us/en/job/SNCOUS6918413002EXTERNALENUS/Software-Engineer-Intern-Core-Database-Engineering-Spring-2024,Snowflake,2023-09-02T08:00:18.000Z,r1urPd5jrdcB27rBEm8M,United States,Software Engineer Intern (Core/Database Engineering) - Spring 2024,intern,https://www.linkedin.com/jobs/view/3710336819
23,https://careers.snowflake.com/us/en/job/SNCOUS6699832002EXTERNALENUS/Software-Engineer-Intern-Core-Database-Engineering-Fall-2023,Snowflake,2023-06-29T00:00:00.000Z,KyApclA3F3vsOdLLd8Zq,United States,Software Engineer Intern (Core/Database Engineering) - Fall 2023,intern,https://www.linkedin.com/jobs/view/3650271517
24,https://careers.snowflake.com/us/en/job/SNCOUS6918464002EXTERNALENUS/Software-Engineer-Intern-Infrastructure-Automation-Spring-2024,Snowflake,2023-09-02T08:01:13.000Z,38SxjuejWVmdrhMq7613,United States,Software Engineer Intern (Infrastructure Automation) - Spring 2024,intern,https://www.linkedin.com/jobs/view/3710336813
25,https://careers.snowflake.com/us/en/job/SNCOUS6699872002EXTERNALENUS/Software-Engineer-Intern-Infrastructure-Automation-Fall-2023,Snowflake,2023-06-29T00:00:00.000Z,XWBHmsOQuVqPkdFy2crf,United States,Software Engineer Intern (Infrastructure Automation) - Fall 2023,intern,https://www.linkedin.com/jobs/view/3650268826
26,https://jobs.sap.com/job/Newport-Beach-SAP-iXp-Intern-ICX-Data-Engineering-CA-92660/979087301/,SAP,2023-09-07T08:43:03.000Z,Lak51Qo48pwgZOiHgNye,United States,SAP iXp Intern - ICX Data Engineering,intern,https://www.linkedin.com/jobs/view/3711775218
27,https://nvidia.wd5.myworkdayjobs.com/NVIDIAExternalCareerSite/job/US-CA-Santa-Clara/Infrastructure-Software-Engineering-Intern--TensorRT---Fall-2023_JR1968305,NVIDIA,2023-07-13T08:00:17.000Z,SSbTavZUZ9QtzKzdvZxz,United States,"Infrastructure Software Engineering Intern, TensorRT - Fall 2023",intern,https://www.linkedin.com/jobs/view/3662427693
28,,SAP,2023-09-20T17:35:28.000Z,jKSSH8lRSl3sHCq9W6Nl,United States,SAP Labs US iXp Intern - Software Developer,intern,https://www.linkedin.com/jobs/view/3723240981
29,https://nvidia.wd5.myworkdayjobs.com/NVIDIAExternalCareerSite/job/US-CA-Santa-Clara/System-Validation-Engineer-Intern---Fall-2023_JR1968097,NVIDIA,2023-07-13T08:00:26.000Z,DMwWhWFJHTSEIz8QKDhF,United States,System Validation Engineer Intern - Fall 2023,intern,https://www.linkedin.com/jobs/view/3662428625
30,https://nvidia.wd5.myworkdayjobs.com/NVIDIAExternalCareerSite/job/US-CA-Santa-Clara/Silicon-Validation-Engineering-Intern---Fall-2023_JR1969414,NVIDIA,2023-07-22T08:00:18.000Z,so32wY6STfXiVQN5pEfj,United States,Silicon Validation Engineering Intern - Fall 2023,intern,https://www.linkedin.com/jobs/view/3671623818
31,https://nvidia.wd5.myworkdayjobs.com/NVIDIAExternalCareerSite/job/US-OR-Hillsboro/System-Validation-Engineer-Intern---Fall-2023_JR1968096-1,NVIDIA,2023-07-11T08:01:22.000Z,RfLu8DGHHlEpwpzfL12c,United States,System Validation Engineer Intern - Fall 2023,intern,https://www.linkedin.com/jobs/view/3660477673
32,https://jobs.cisco.com/jobs/ProjectDetail/Software-Engineer-I-Co-Op-United-States/1404704,Cisco,2023-09-17T12:07:28.000Z,9QroFmADNcRSY02Yb7zR,United States,Software Engineer I (Co-Op) United States,intern,https://www.linkedin.com/jobs/view/3722947535
33,https://www.linkedin.com/jobs/view/3682225526/,Cisco,2023-09-14T08:29:57.000Z,W0SXxKhsNv7fFIXCnpMh,United States,Software Engineer II (Co-Op) United States,intern,https://www.linkedin.com/jobs/view/3682225526
34,,Intel Corporation,2023-06-08T00:00:00.000Z,t8ogVxd7VBjFF9QsPdvw,United States,Software Engineer - Intern,intern,https://www.linkedin.com/jobs/view/3629703419
35,https://www.linkedin.com/jobs/view/3682222946/,Cisco,2023-09-14T08:29:46.000Z,xqOOsriYItYFIqwbVJMZ,United States,Software Engineer I (Co-Op) United States,intern,https://www.linkedin.com/jobs/view/3682222946
36,https://jobs.cisco.com/jobs/ProjectDetail/Software-Engineer-I-Co-Op-United-States/1404704,Cisco,2023-09-23T08:37:05.000Z,M8umNgLN8Sjtle9XiB1c,United States,Software Engineer I (Co-Op) United States,intern,https://www.linkedin.com/jobs/view/3726058389
37,https://jobs.cisco.com/jobs/ProjectDetail/Software-Engineer-I-Co-Op-United-States/1404704,Cisco,2023-09-26T08:20:20.000Z,IqgtyTOHiQPtJn6MRl2S,United States,Software Engineer I (Co-Op) United States,intern,https://www.linkedin.com/jobs/view/3728082996
38,https://jobs.cisco.com/jobs/ProjectDetail/Software-Engineer-I-Co-Op-United-States/1404704,Cisco,2023-10-01T17:12:36.000Z,BiJWjXRjTaGn0dzQhC2F,United States,Software Engineer I (Co-Op) United States,intern,https://www.linkedin.com/jobs/view/3731168936
39,https://jobs.intel.com/en/job/-/-/599/51027367904,Intel Corporation,2023-07-01T00:00:00.000Z,2N61RI72CbwRVu3OEAfe,United States,Software Engineer Intern,intern,https://www.linkedin.com/jobs/view/3650653612
40,https://careers.adobe.com/us/en/job/ADOBUSR141248EXTERNALENUS/2024-Intern-Machine-Learning-Engineer,Adobe,2023-10-12T08:19:09.000Z,5CntAYEK5tb6GQVUjUEx,United States,2024 Intern - Machine Learning Engineer,intern,https://www.linkedin.com/jobs/view/3736346942
41,,Adobe,2023-10-05T08:11:36.000Z,LCVtBkWGz6h7WHynqbt5,United States,2024 Intern - Machine Learning Engineer,intern,https://www.linkedin.com/jobs/view/3732812611
42,https://careers.adobe.com/us/en/job/ADOBUSR141150EXTERNALENUS/2024-Intern-Machine-Learning-Engineer,Adobe,2023-09-27T08:10:07.000Z,gjGySVjijxt5hVbixRqY,United States,2024 Intern - Machine Learning Engineer,intern,https://www.linkedin.com/jobs/view/3727340339
43,,Adobe,2023-10-07T08:09:47.000Z,tgWHTmLdoSxMfQS0EgAw,United States,2024 Intern - Machine Learning Engineer,intern,https://www.linkedin.com/jobs/view/3727341234
44,https://jobs.lever.co/palantir/ba8994c7-1c6d-4567-9032-441495b5e1b6/apply,Palantir Technologies,2023-10-03T12:00:00.000Z,VrZorEqkKwN6n54WdM4e,United States,Machine Learning Researcher – Internship,intern,
45,https://boards.greenhouse.io/scaleai/jobs/4305872005,Scale AI,2023-08-23T08:21:26.000Z,MS6uJzl5a7nHUgpDPe9o,United States,Machine Learning Research Engineering Intern,intern,https://www.linkedin.com/jobs/view/3698000264
46,https://jobs.lever.co/palantir/9eda4c9e-768f-4707-b002-1c4349269cd0/apply,Palantir Technologies,2023-10-03T12:00:00.000Z,HLtFq44dZK7IST3ViZHh,United States,Machine Learning Researcher – Internship,intern,
47,https://jobs.intel.com/en/job/-/-/599/51460298160,Intel Corporation,2023-07-11T17:11:20.000Z,uXDCD3UW97uhfe0akkJa,United States,Machine Learning Engineer-Graduate Intern,intern,https://www.linkedin.com/jobs/view/3660535413
48,,Block,2023-06-22T00:00:00.000Z,cwEVr2E6i9fYjJxydh5b,United States,PhD Machine Learning Engineer Intern (Fall 2023),intern,https://www.linkedin.com/jobs/view/3623733525
49,https://jobs.smartrecruiters.com/Square/743999916542373-phd-machine-learning-engineer-intern-fall-2023-,Block,2023-07-04T08:04:37.000Z,0LXbHjEgkLbTUbENtqJ6,United States,PhD Machine Learning Engineer Intern (Fall 2023),intern,https://www.linkedin.com/jobs/view/3654735508
50,,Visa,2023-10-03T08:15:51.000Z,GKdFo5zSgqeDyBJbK8z2,United States,"Staff Machine Learning Scientist, Intern - Summer 2024",intern,https://www.linkedin.com/jobs/view/3731791500
51,,NVIDIA,2023-10-10T08:00:53.000Z,JXi6xRC4yswGB5i6xt15,United States,Revenue Analytics Machine Learning Intern - Summer 2024,intern,https://www.linkedin.com/jobs/view/3736526871
52,https://jobs.netflix.com/jobs/292146901,Netflix,2023-08-30T13:43:23.000Z,Sz9ULB7petWqDfXn5Bex,United States,"Machine Learning Intern, Research (Fall 2023/Winter 2024)",intern,
53,,Tesla,2023-06-19T00:00:00.000Z,fR8DIO7YTH7JVv06eNVY,United States,"Machine Learning Intern, 3D Computer Vision – Autopilot, AI",intern,https://www.linkedin.com/jobs/view/3638088649
54,https://jobs.bytedance.com/en/position/7283688214106900794/detail,ByteDance,2023-10-02T08:04:43.000Z,dQzJOY9r1OR3KtHAPOPj,United States,Software Engineer Intern (Machine Learning Platform) - 2024 Summer (PhD),intern,https://www.linkedin.com/jobs/view/3730367800
55,https://www.okta.com/company/careers/business-technology/machine-learning-engineer-intern-customer-identity-cloud-summer/,Okta,2023-09-09T08:26:15.000Z,2SKEkXia3JhbvR7z2pQ1,United States,"Machine Learning Engineer Intern, Customer Identity Cloud (Summer 2024)",intern,https://www.linkedin.com/jobs/view/3708951849
56,,LinkedIn,2023-09-26T17:00:54.000Z,GCdVIzmScijhMzz8FUG0,United States,"Artificial Intelligence/ Machine Learning Engineering Internship, PhD, Summer 2024",intern,https://www.linkedin.com/jobs/view/3724375879
57,https://www.wayfair.com/careers/jobs/6928433002?gh_jid=6928433002,Wayfair,2023-09-13T12:00:00.000Z,xNurW79EuXkADqIZBurn,United States,Machine Learning Science Graduate Intern - Summer 2024,intern,
58,https://www.metacareers.com/jobs/670118304605245/,Meta,2023-07-29T08:01:02.000Z,n8xjLxo51ozArNq2TyqB,United States,"Research Scientist Intern, AI Applied Research - Machine Learning (PhD)",intern,https://www.linkedin.com/jobs/view/3679405109
59,https://jobs.bytedance.com/en/position/7266163115921836345/detail,ByteDance,2023-08-15T08:06:56.000Z,Xs36oUI86AmroQEqI3Jr,United States,Research Scientist Intern (Machine Learning Sys-US) - 2024 Summer (PhD),intern,https://www.linkedin.com/jobs/view/3690917441
